IR,Num. Rel. Sub-Groups,Member Sub-Groups,,,,,,Connected Sub-Group(s)
850739,6,GANG-G224-SUB-1,,,,,,GANG-G374,GANG-G450-SUB-2,GANG-G532-SUB-4,GANG-G425,GANG-G532-SUB-OTHERS,
808979,4,GANG-G228-SUB-3,,,,,,GANG-G784-SUB-1,GANG-G228-SUB-OTHERS,GANG-G930,
796956,4,GANG-G784-SUB-2,,,,,,GANG-G784-SUB-1,GANG-G532-SUB-OTHERS,GANG-G784-SUB-5,
710925,4,GANG-G532-SUB-2,,,,,,GANG-G224-SUB-1,GANG-G374,GANG-G450-SUB-2,
606641,4,GANG-G224-SUB-1,GANG-G374,GANG-G450-SUB-2,,,,GANG-G532-SUB-2,
600130,4,GANG-G224-SUB-3,,,,,,GANG-G222-SUB-12,GANG-G222-SUB-3,GANG-G224-SUB-2,
56933,4,GANG-G224-SUB-3,,,,,,GANG-G222-SUB-OTHERS,GANG-G222-SUB-3,GANG-G224-SUB-2,
411724,4,GANG-G228-SUB-3,,,,,,GANG-G228-SUB-2,GANG-G228-SUB-OTHERS,GANG-G930,
279335,4,GANG-G532-SUB-2,,,,,,GANG-G224-SUB-1,GANG-G374,GANG-G450-SUB-2,
125220,4,GANG-G228-SUB-3,,,,,,GANG-G228-SUB-2,GANG-G532-SUB-OTHERS,GANG-G930,
95351,3,GANG-G579-SUB-OTHERS,,,,,,GANG-G222-SUB-1,GANG-G224-SUB-OTHERS,
948372,3,GANG-G224-SUB-OTHERS,GANG-G579-SUB-OTHERS,,,,,GANG-G224-SUB-1,
942883,3,GANG-G224-SUB-1,,,,,,GANG-G374,GANG-G450-SUB-2,
92914,3,GANG-G784-SUB-1,,,,,,GANG-G784-SUB-2,GANG-G228-SUB-3,
927045,3,GANG-G532-SUB-1,,,,,,GANG-G532-SUB-6,GANG-G532-SUB-OTHERS,
913269,3,GANG-G532-SUB-6,,,,,,GANG-G532-SUB-7,GANG-G532-SUB-1,
908266,3,GANG-G222-SUB-OTHERS,GANG-G224-SUB-OTHERS,GANG-G772-SUB-OTHERS,,,,
875419,3,GANG-G450-SUB-2,,,,,,GANG-G224-SUB-1,GANG-G374,
870117,3,GANG-G224-SUB-OTHERS,,,,,,GANG-G222-SUB-OTHERS,GANG-G579-SUB-OTHERS,
855262,3,GANG-G579-SUB-1,,,,,,GANG-G222-SUB-OTHERS,GANG-G224-SUB-OTHERS,
780935,3,GANG-G222-SUB-12,GANG-G224-SUB-3,,,,,GANG-G224-SUB-8,
780236,3,GANG-G579-SUB-1,,,,,,GANG-G222-SUB-OTHERS,GANG-G224-SUB-OTHERS,
77735,3,GANG-G222-SUB-OTHERS,GANG-G224-SUB-OTHERS,GANG-G579-SUB-OTHERS,,,,
77735,3,GANG-G222-SUB-OTHERS,GANG-G224-SUB-OTHERS,GANG-G579-SUB-OTHERS,,,,
757678,3,GANG-G228-SUB-OTHERS,,,,,,GANG-G228-SUB-3,GANG-G930,
698071,3,GANG-G784-SUB-3,,,,,,GANG-G772-SUB-OTHERS,GANG-G532-SUB-4,
672826,3,GANG-G224-SUB-1,,,,,,GANG-G374,GANG-G450-SUB-2,
671975,3,GANG-G224-SUB-OTHERS,GANG-G579-SUB-1,,,,,GANG-G222-SUB-OTHERS,
669101,3,GANG-G579-SUB-1,,,,,,GANG-G222-SUB-OTHERS,GANG-G224-SUB-OTHERS,
66745,3,GANG-G224-SUB-1,,,,,,GANG-G374,GANG-G450-SUB-2,
622078,3,GANG-G579-SUB-1,,,,,,GANG-G222-SUB-OTHERS,GANG-G224-SUB-OTHERS,
602850,3,GANG-G532-SUB-1,,,,,,GANG-G532-SUB-6,GANG-G532-SUB-7,
576783,3,GANG-G222-SUB-OTHERS,GANG-G579-SUB-1,,,,,GANG-G224-SUB-OTHERS,
499137,3,GANG-G222-SUB-3,GANG-G224-SUB-2,,,,,GANG-G224-SUB-3,
497782,3,GANG-G222-SUB-OTHERS,GANG-G224-SUB-OTHERS,GANG-G579-SUB-OTHERS,,,,
494821,3,GANG-G222-SUB-OTHERS,GANG-G224-SUB-OTHERS,GANG-G579-SUB-OTHERS,,,,
494821,3,GANG-G222-SUB-OTHERS,GANG-G224-SUB-OTHERS,GANG-G579-SUB-OTHERS,,,,
490759,3,GANG-G532-SUB-1,,,,,,GANG-G532-SUB-6,GANG-G532-SUB-3,
44815,3,GANG-G224-SUB-1,GANG-G450-SUB-2,,,,,GANG-G374,
445523,3,GANG-G224-SUB-OTHERS,,,,,,GANG-G579-SUB-OTHERS,GANG-G222-SUB-OTHERS,
376427,3,GANG-G450-SUB-1,,,,,,GANG-G450-SUB-OTHERS,GANG-G374,
349933,3,GANG-G532-SUB-1,,,,,,GANG-G532-SUB-6,GANG-G532-SUB-3,
344440,3,GANG-G450-SUB-2,,,,,,GANG-G224-SUB-1,GANG-G374,
338149,3,GANG-G228-SUB-2,,,,,,GANG-G532-SUB-OTHERS,GANG-G228-SUB-3,
336308,3,GANG-G228-SUB-3,GANG-G930,,,,,GANG-G228-SUB-OTHERS,
318223,3,GANG-G224-SUB-1,,,,,,GANG-G425,GANG-G532-SUB-OTHERS,
310391,3,GANG-G579-SUB-1,,,,,,GANG-G222-SUB-OTHERS,GANG-G224-SUB-OTHERS,
303048,3,GANG-G224-SUB-1,,,,,,GANG-G224-SUB-OTHERS,GANG-G579-SUB-OTHERS,
292927,3,GANG-G222-SUB-OTHERS,GANG-G224-SUB-OTHERS,GANG-G772-SUB-OTHERS,,,,
292927,3,GANG-G222-SUB-OTHERS,GANG-G224-SUB-OTHERS,GANG-G772-SUB-OTHERS,,,,
283314,3,GANG-G425,GANG-G532-SUB-OTHERS,,,,,GANG-G224-SUB-1,
280559,3,GANG-G532-SUB-OTHERS,,,,,,GANG-G228-SUB-3,GANG-G228-SUB-2,
272837,3,GANG-G579-SUB-1,,,,,,GANG-G222-SUB-OTHERS,GANG-G224-SUB-OTHERS,
237605,3,GANG-G222-SUB-OTHERS,,,,,,GANG-G579-SUB-OTHERS,GANG-G224-SUB-OTHERS,
202446,3,GANG-G224-SUB-1,GANG-G374,GANG-G450-SUB-2,,,,
201381,3,GANG-G224-SUB-8,,,,,,GANG-G222-SUB-12,GANG-G224-SUB-3,
179331,3,GANG-G532-SUB-1,,,,,,GANG-G532-SUB-6,GANG-G532-SUB-5,
15506,3,GANG-G222-SUB-3,GANG-G224-SUB-2,,,,,GANG-G224-SUB-3,
148506,3,GANG-G224-SUB-1,GANG-G374,GANG-G450-SUB-2,,,,
148506,3,GANG-G224-SUB-1,GANG-G374,GANG-G450-SUB-2,,,,
108826,3,GANG-G579-SUB-OTHERS,,,,,,GANG-G224-SUB-OTHERS,GANG-G222-SUB-OTHERS,
995663,2,GANG-G222-SUB-OTHERS,,,,,,GANG-G224-SUB-OTHERS,
987033,2,GANG-G224-SUB-OTHERS,,,,,,GANG-G784-SUB-OTHERS,
981840,2,GANG-G222-SUB-11,GANG-G224-SUB-9,,,,,
981335,2,GANG-G224-SUB-OTHERS,,,,,,GANG-G222-SUB-16,
980886,2,GANG-G224-SUB-2,,,,,,GANG-G222-SUB-3,
979839,2,GANG-G224-SUB-1,,,,,,GANG-G450-SUB-2,
977110,2,GANG-G222-SUB-OTHERS,,,,,,GANG-G224-SUB-3,
976383,2,GANG-G772-SUB-3,,,,,,GANG-G772-SUB-1,
972978,2,GANG-G222-SUB-8,GANG-G579-SUB-OTHERS,,,,,
964750,2,GANG-G222-SUB-OTHERS,GANG-G224-SUB-OTHERS,,,,,
964750,2,GANG-G222-SUB-OTHERS,GANG-G224-SUB-OTHERS,,,,,
964397,2,GANG-G784-SUB-3,,,,,,GANG-G772-SUB-OTHERS,
962135,2,GANG-G222-SUB-OTHERS,GANG-G579-SUB-1,,,,,
962135,2,GANG-G222-SUB-OTHERS,GANG-G579-SUB-1,,,,,
957539,2,GANG-G450-SUB-OTHERS,,,,,,GANG-G450-SUB-1,
95691,2,GANG-G772-SUB-OTHERS,,,,,,GANG-G784-SUB-3,
947769,2,GANG-G222-SUB-3,,,,,,GANG-G224-SUB-2,
943926,2,GANG-G222-SUB-OTHERS,,,,,,GANG-G224-SUB-OTHERS,
942766,2,GANG-G110,,,,,,GANG-G224-SUB-OTHERS,
940924,2,GANG-G222-SUB-OTHERS,GANG-G224-SUB-OTHERS,,,,,
93628,2,GANG-G784-SUB-3,,,,,,GANG-G772-SUB-OTHERS,
933835,2,GANG-G772-SUB-OTHERS,GANG-G784-SUB-3,,,,,
933713,2,GANG-G425,GANG-G532-SUB-OTHERS,,,,,
933713,2,GANG-G425,GANG-G532-SUB-OTHERS,,,,,
928894,2,GANG-G222-SUB-OTHERS,,,,,,GANG-G224-SUB-OTHERS,
923700,2,GANG-G222-SUB-8,GANG-G579-SUB-OTHERS,,,,,
923700,2,GANG-G222-SUB-8,GANG-G579-SUB-OTHERS,,,,,
912658,2,GANG-G532-SUB-5,,,,,,GANG-G532-SUB-2,
911887,2,GANG-G532-SUB-1,,,,,,GANG-G532-SUB-3,
901843,2,GANG-G532-SUB-7,,,,,,GANG-G532-SUB-6,
89613,2,GANG-G784-SUB-3,,,,,,GANG-G772-SUB-OTHERS,
89467,2,GANG-G532-SUB-1,,,,,,GANG-G532-SUB-6,
889509,2,GANG-G222-SUB-OTHERS,GANG-G224-SUB-3,,,,,
881114,2,GANG-G784-SUB-OTHERS,,,,,,GANG-G228-SUB-OTHERS,
879654,2,GANG-G579-SUB-OTHERS,,,,,,GANG-G222-SUB-OTHERS,
874899,2,GANG-G222-SUB-OTHERS,GANG-G224-SUB-OTHERS,,,,,
865473,2,GANG-G224-SUB-6,,,,,,GANG-G532-SUB-OTHERS,
857302,2,GANG-G224-SUB-13,,,,,,GANG-G222-SUB-OTHERS,
855284,2,GANG-G222-SUB-11,GANG-G224-SUB-9,,,,,
852186,2,GANG-G532-SUB-3,,,,,,GANG-G532-SUB-1,
845279,2,GANG-G222-SUB-12,GANG-G224-SUB-3,,,,,
843356,2,GANG-G222-SUB-11,,,,,,GANG-G224-SUB-9,
842425,2,GANG-G784-SUB-2,,,,,,GANG-G450-SUB-OTHERS,
834906,2,GANG-G450-SUB-1,,,,,,GANG-G374,
831493,2,GANG-G772-SUB-2,,,,,,GANG-G772-SUB-1,
830175,2,GANG-G224-SUB-2,,,,,,GANG-G222-SUB-3,
822493,2,GANG-G224-SUB-OTHERS,,,,,,GANG-G532-SUB-2,
820269,2,GANG-G222-SUB-3,GANG-G224-SUB-2,,,,,
814912,2,GANG-G224-SUB-7,,,,,,GANG-G222-SUB-OTHERS,
812843,2,GANG-G222-SUB-OTHERS,GANG-G224-SUB-OTHERS,,,,,
808124,2,GANG-G532-SUB-6,,,,,,GANG-G532-SUB-1,
807077,2,GANG-G784-SUB-1,,,,,,GANG-G784-SUB-2,
799415,2,GANG-G224-SUB-5,,,,,,GANG-G224-SUB-4,
795801,2,GANG-G532-SUB-OTHERS,GANG-G784-SUB-4,,,,,
795134,2,GANG-G222-SUB-8,,,,,,GANG-G579-SUB-OTHERS,
794587,2,GANG-G772-SUB-OTHERS,,,,,,GANG-G772-SUB-3,
784997,2,GANG-G222-SUB-1,,,,,,GANG-G579-SUB-OTHERS,
784206,2,GANG-G222-SUB-OTHERS,GANG-G224-SUB-OTHERS,,,,,
784206,2,GANG-G222-SUB-OTHERS,GANG-G224-SUB-OTHERS,,,,,
771599,2,GANG-G224-SUB-6,,,,,,GANG-G532-SUB-OTHERS,
763423,2,GANG-G784-SUB-1,,,,,,GANG-G784-SUB-2,
762060,2,GANG-G532-SUB-1,,,,,,GANG-G532-SUB-3,
756727,2,GANG-G222-SUB-1,,,,,,GANG-G579-SUB-OTHERS,
75277,2,GANG-G222-SUB-OTHERS,GANG-G224-SUB-OTHERS,,,,,
75277,2,GANG-G222-SUB-OTHERS,GANG-G224-SUB-OTHERS,,,,,
751780,2,GANG-G532-SUB-OTHERS,GANG-G784-SUB-4,,,,,
751780,2,GANG-G532-SUB-OTHERS,GANG-G784-SUB-4,,,,,
751116,2,GANG-G450-SUB-OTHERS,,,,,,GANG-G450-SUB-1,
740845,2,GANG-G222-SUB-OTHERS,GANG-G224-SUB-13,,,,,
740845,2,GANG-G222-SUB-OTHERS,GANG-G224-SUB-13,,,,,
73244,2,GANG-G532-SUB-2,,,,,,GANG-G532-SUB-4,
72420,2,GANG-G224-SUB-2,,,,,,GANG-G224-SUB-4,
722111,2,GANG-G930,,,,,,GANG-G228-SUB-3,
710298,2,GANG-G224-SUB-OTHERS,GANG-G784-SUB-OTHERS,,,,,
710298,2,GANG-G224-SUB-OTHERS,GANG-G784-SUB-OTHERS,,,,,
709538,2,GANG-G228-SUB-2,GANG-G532-SUB-OTHERS,,,,,
709538,2,GANG-G228-SUB-2,GANG-G532-SUB-OTHERS,,,,,
70773,2,GANG-G222-SUB-OTHERS,GANG-G224-SUB-OTHERS,,,,,
705378,2,GANG-G784-SUB-2,,,,,,GANG-G784-SUB-1,
701453,2,GANG-G450-SUB-1,,,,,,GANG-G374,
698278,2,GANG-G224-SUB-9,,,,,,GANG-G222-SUB-11,
695487,2,GANG-G222-SUB-OTHERS,GANG-G224-SUB-3,,,,,
693859,2,GANG-G222-SUB-16,,,,,,GANG-G224-SUB-OTHERS,
693801,2,GANG-G222-SUB-OTHERS,GANG-G224-SUB-7,,,,,
693801,2,GANG-G222-SUB-OTHERS,GANG-G224-SUB-7,,,,,
69113,2,GANG-G224-SUB-OTHERS,,,,,,GANG-G579-SUB-OTHERS,
685514,2,GANG-G532-SUB-2,,,,,,GANG-G532-SUB-5,
682566,2,GANG-G224-SUB-1,,,,,,GANG-G450-SUB-2,
682047,2,GANG-G772-SUB-3,,,,,,GANG-G772-SUB-OTHERS,
673840,2,GANG-G784-SUB-4,,,,,,GANG-G532-SUB-OTHERS,
667458,2,GANG-G222-SUB-OTHERS,GANG-G579-SUB-OTHERS,,,,,
667092,2,GANG-G532-SUB-6,,,,,,GANG-G532-SUB-1,
664011,2,GANG-G450-SUB-OTHERS,,,,,,GANG-G450-SUB-1,
662996,2,GANG-G222-SUB-OTHERS,GANG-G224-SUB-OTHERS,,,,,
662996,2,GANG-G222-SUB-OTHERS,GANG-G224-SUB-OTHERS,,,,,
662402,2,GANG-G784-SUB-2,,,,,,GANG-G784-SUB-5,
650960,2,GANG-G930,,,,,,GANG-G228-SUB-3,
642259,2,GANG-G772-SUB-OTHERS,,,,,,GANG-G772-SUB-3,
641092,2,GANG-G222-SUB-OTHERS,,,,,,GANG-G224-SUB-OTHERS,
635890,2,GANG-G532-SUB-3,,,,,,GANG-G532-SUB-4,
635272,2,GANG-G532-SUB-1,,,,,,GANG-G532-SUB-6,
631282,2,GANG-G532-SUB-1,,,,,,GANG-G532-SUB-6,
629278,2,GANG-G532-SUB-OTHERS,,,,,,GANG-G224-SUB-6,
620742,2,GANG-G374,GANG-G532-SUB-OTHERS,,,,,
620700,2,GANG-G224-SUB-9,,,,,,GANG-G222-SUB-11,
612897,2,GANG-G374,GANG-G450-SUB-OTHERS,,,,,
612897,2,GANG-G374,GANG-G450-SUB-OTHERS,,,,,
612858,2,GANG-G772-SUB-1,,,,,,GANG-G772-SUB-2,
611770,2,GANG-G532-SUB-1,,,,,,GANG-G532-SUB-6,
607372,2,GANG-G450-SUB-OTHERS,,,,,,GANG-G784-SUB-2,
60736,2,GANG-G224-SUB-OTHERS,GANG-G532-SUB-OTHERS,,,,,
605865,2,GANG-G224-SUB-OTHERS,,,,,,GANG-G579-SUB-OTHERS,
605001,2,GANG-G772-SUB-2,,,,,,GANG-G772-SUB-1,
599330,2,GANG-G222-SUB-OTHERS,GANG-G579-SUB-OTHERS,,,,,
599330,2,GANG-G222-SUB-OTHERS,GANG-G579-SUB-OTHERS,,,,,
598950,2,GANG-G532-SUB-4,,,,,,GANG-G532-SUB-3,
595493,2,GANG-G224-SUB-2,,,,,,GANG-G222-SUB-3,
595123,2,GANG-G784-SUB-1,,,,,,GANG-G784-SUB-2,
590981,2,GANG-G224-SUB-7,,,,,,GANG-G222-SUB-OTHERS,
588379,2,GANG-G224-SUB-1,,,,,,GANG-G450-SUB-2,
57815,2,GANG-G222-SUB-16,GANG-G224-SUB-OTHERS,,,,,
574551,2,GANG-G224-SUB-OTHERS,,,,,,GANG-G222-SUB-OTHERS,
574332,2,GANG-G784-SUB-OTHERS,,,,,,GANG-G224-SUB-OTHERS,
568892,2,GANG-G222-SUB-3,GANG-G224-SUB-2,,,,,
568301,2,GANG-G222-SUB-OTHERS,,,,,,GANG-G224-SUB-OTHERS,
565271,2,GANG-G222-SUB-OTHERS,GANG-G224-SUB-OTHERS,,,,,
563352,2,GANG-G222-SUB-16,,,,,,GANG-G224-SUB-OTHERS,
563203,2,GANG-G222-SUB-OTHERS,,,,,,GANG-G224-SUB-OTHERS,
555019,2,GANG-G222-SUB-OTHERS,GANG-G224-SUB-OTHERS,,,,,
553569,2,GANG-G772-SUB-1,,,,,,GANG-G772-SUB-3,
541999,2,GANG-G532-SUB-1,,,,,,GANG-G532-SUB-6,
530743,2,GANG-G224-SUB-OTHERS,,,,,,GANG-G110,
528219,2,GANG-G222-SUB-8,GANG-G579-SUB-OTHERS,,,,,
528219,2,GANG-G222-SUB-8,GANG-G579-SUB-OTHERS,,,,,
518212,2,GANG-G532-SUB-6,,,,,,GANG-G532-SUB-1,
513191,2,GANG-G374,GANG-G450-SUB-1,,,,,
513144,2,GANG-G374,GANG-G450-SUB-1,,,,,
49834,2,GANG-G450-SUB-1,,,,,,GANG-G374,
498312,2,GANG-G532-SUB-1,,,,,,GANG-G532-SUB-6,
489106,2,GANG-G532-SUB-1,,,,,,GANG-G532-SUB-6,
488279,2,GANG-G224-SUB-1,,,,,,GANG-G450-SUB-2,
48506,2,GANG-G110,,,,,,GANG-G224-SUB-OTHERS,
480770,2,GANG-G532-SUB-2,,,,,,GANG-G224-SUB-OTHERS,
479891,2,GANG-G224-SUB-OTHERS,,,,,,GANG-G222-SUB-OTHERS,
477536,2,GANG-G224-SUB-6,GANG-G532-SUB-OTHERS,,,,,
476736,2,GANG-G222-SUB-11,GANG-G224-SUB-9,,,,,
473750,2,GANG-G579-SUB-OTHERS,,,,,,GANG-G222-SUB-OTHERS,
469477,2,GANG-G532-SUB-OTHERS,,,,,,GANG-G123,
469085,2,GANG-G532-SUB-OTHERS,GANG-G784-SUB-2,,,,,
466515,2,GANG-G784-SUB-4,,,,,,GANG-G532-SUB-OTHERS,
458917,2,GANG-G222-SUB-OTHERS,,,,,,GANG-G224-SUB-OTHERS,
451837,2,GANG-G532-SUB-OTHERS,GANG-G784-SUB-2,,,,,
451837,2,GANG-G532-SUB-OTHERS,GANG-G784-SUB-2,,,,,
4488,2,GANG-G110,,,,,,GANG-G224-SUB-OTHERS,
44799,2,GANG-G222-SUB-3,GANG-G224-SUB-2,,,,,
446706,2,GANG-G450-SUB-1,,,,,,GANG-G374,
43854,2,GANG-G450-SUB-1,,,,,,GANG-G374,
436973,2,GANG-G532-SUB-6,,,,,,GANG-G532-SUB-1,
432087,2,GANG-G222-SUB-OTHERS,GANG-G224-SUB-OTHERS,,,,,
430712,2,GANG-G532-SUB-OTHERS,,,,,,GANG-G532-SUB-1,
429702,2,GANG-G532-SUB-7,,,,,,GANG-G532-SUB-6,
428774,2,GANG-G374,,,,,,GANG-G450-SUB-OTHERS,
427721,2,GANG-G450-SUB-OTHERS,,,,,,GANG-G450-SUB-1,
414044,2,GANG-G224-SUB-13,,,,,,GANG-G222-SUB-OTHERS,
412564,2,GANG-G222-SUB-OTHERS,GANG-G579-SUB-OTHERS,,,,,
411308,2,GANG-G784-SUB-3,,,,,,GANG-G772-SUB-OTHERS,
408898,2,GANG-G224-SUB-4,,,,,,GANG-G224-SUB-5,
408605,2,GANG-G532-SUB-4,,,,,,GANG-G784-SUB-3,
401212,2,GANG-G222-SUB-12,,,,,,GANG-G224-SUB-3,
397735,2,GANG-G123,GANG-G532-SUB-OTHERS,,,,,
390116,2,GANG-G224-SUB-OTHERS,,,,,,GANG-G579-SUB-1,
387372,2,GANG-G784-SUB-5,,,,,,GANG-G784-SUB-2,
378733,2,GANG-G532-SUB-4,,,,,,GANG-G224-SUB-1,
376601,2,GANG-G532-SUB-5,,,,,,GANG-G532-SUB-1,
376118,2,GANG-G532-SUB-1,,,,,,GANG-G532-SUB-6,
370607,2,GANG-G224-SUB-3,,,,,,GANG-G222-SUB-OTHERS,
361443,2,GANG-G222-SUB-OTHERS,GANG-G224-SUB-OTHERS,,,,,
361443,2,GANG-G222-SUB-OTHERS,GANG-G224-SUB-OTHERS,,,,,
357309,2,GANG-G532-SUB-1,,,,,,GANG-G532-SUB-6,
351204,2,GANG-G450-SUB-1,,,,,,GANG-G374,
348273,2,GANG-G222-SUB-OTHERS,GANG-G224-SUB-OTHERS,,,,,
344842,2,GANG-G772-SUB-1,,,,,,GANG-G772-SUB-2,
344671,2,GANG-G123,GANG-G532-SUB-OTHERS,,,,,
344671,2,GANG-G123,GANG-G532-SUB-OTHERS,,,,,
338874,2,GANG-G228-SUB-2,,,,,,GANG-G228-SUB-3,
337125,2,GANG-G532-SUB-3,,,,,,GANG-G532-SUB-1,
333350,2,GANG-G532-SUB-OTHERS,,,,,,GANG-G123,
32921,2,GANG-G532-SUB-1,,,,,,GANG-G532-SUB-6,
322529,2,GANG-G532-SUB-4,,,,,,GANG-G532-SUB-2,
300930,2,GANG-G222-SUB-OTHERS,GANG-G224-SUB-7,,,,,
299879,2,GANG-G222-SUB-OTHERS,GANG-G224-SUB-13,,,,,
298800,2,GANG-G224-SUB-2,,,,,,GANG-G222-SUB-3,
292600,2,GANG-G772-SUB-1,,,,,,GANG-G772-SUB-2,
288029,2,GANG-G772-SUB-OTHERS,,,,,,GANG-G784-SUB-3,
283373,2,GANG-G532-SUB-7,,,,,,GANG-G532-SUB-6,
281244,2,GANG-G224-SUB-4,,,,,,GANG-G224-SUB-2,
270856,2,GANG-G930,,,,,,GANG-G228-SUB-3,
268892,2,GANG-G224-SUB-13,,,,,,GANG-G222-SUB-OTHERS,
267900,2,GANG-G228-SUB-2,,,,,,GANG-G228-SUB-OTHERS,
263927,2,GANG-G224-SUB-OTHERS,,,,,,GANG-G222-SUB-OTHERS,
261698,2,GANG-G222-SUB-3,,,,,,GANG-G224-SUB-2,
259724,2,GANG-G222-SUB-12,,,,,,GANG-G224-SUB-3,
256056,2,GANG-G224-SUB-OTHERS,,,,,,GANG-G222-SUB-OTHERS,
253514,2,GANG-G222-SUB-16,,,,,,GANG-G224-SUB-OTHERS,
248776,2,GANG-G224-SUB-OTHERS,,,,,,GANG-G222-SUB-OTHERS,
242373,2,GANG-G224-SUB-2,,,,,,GANG-G222-SUB-3,
233191,2,GANG-G224-SUB-OTHERS,GANG-G532-SUB-OTHERS,,,,,
22666,2,GANG-G532-SUB-7,,,,,,GANG-G532-SUB-1,
217970,2,GANG-G222-SUB-1,,,,,,GANG-G579-SUB-OTHERS,
216816,2,GANG-G374,GANG-G532-SUB-OTHERS,,,,,
216816,2,GANG-G374,GANG-G532-SUB-OTHERS,,,,,
216085,2,GANG-G110,GANG-G224-SUB-OTHERS,,,,,
21452,2,GANG-G532-SUB-7,,,,,,GANG-G532-SUB-6,
210783,2,GANG-G228-SUB-3,,,,,,GANG-G930,
204462,2,GANG-G532-SUB-1,,,,,,GANG-G532-SUB-6,
201055,2,GANG-G224-SUB-7,,,,,,GANG-G222-SUB-OTHERS,
196661,2,GANG-G224-SUB-9,,,,,,GANG-G222-SUB-11,
192820,2,GANG-G228-SUB-OTHERS,,,,,,GANG-G784-SUB-OTHERS,
192625,2,GANG-G224-SUB-2,,,,,,GANG-G222-SUB-3,
178035,2,GANG-G224-SUB-2,,,,,,GANG-G222-SUB-3,
177342,2,GANG-G784-SUB-4,,,,,,GANG-G532-SUB-OTHERS,
154015,2,GANG-G224-SUB-2,,,,,,GANG-G222-SUB-3,
153400,2,GANG-G222-SUB-OTHERS,GANG-G224-SUB-OTHERS,,,,,
153400,2,GANG-G222-SUB-OTHERS,GANG-G224-SUB-OTHERS,,,,,
152233,2,GANG-G222-SUB-OTHERS,,,,,,GANG-G579-SUB-OTHERS,
151882,2,GANG-G532-SUB-3,,,,,,GANG-G532-SUB-4,
143792,2,GANG-G222-SUB-8,,,,,,GANG-G579-SUB-OTHERS,
142104,2,GANG-G772-SUB-OTHERS,,,,,,GANG-G772-SUB-3,
137796,2,GANG-G222-SUB-16,,,,,,GANG-G224-SUB-OTHERS,
131653,2,GANG-G450-SUB-OTHERS,,,,,,GANG-G374,
120906,2,GANG-G222-SUB-12,GANG-G224-SUB-3,,,,,
120906,2,GANG-G222-SUB-12,GANG-G224-SUB-3,,,,,
12064,2,GANG-G228-SUB-OTHERS,,,,,,GANG-G228-SUB-2,
119894,2,GANG-G784-SUB-1,,,,,,GANG-G228-SUB-3,
116920,2,GANG-G222-SUB-OTHERS,GANG-G224-SUB-7,,,,,
116920,2,GANG-G222-SUB-OTHERS,GANG-G224-SUB-7,,,,,
113345,2,GANG-G222-SUB-11,GANG-G224-SUB-9,,,,,
113345,2,GANG-G222-SUB-11,GANG-G224-SUB-9,,,,,
110552,2,GANG-G222-SUB-OTHERS,GANG-G579-SUB-OTHERS,,,,,
102493,2,GANG-G784-SUB-1,,,,,,GANG-G784-SUB-2,
100952,2,GANG-G772-SUB-OTHERS,,,,,,GANG-G784-SUB-3,
100507,2,GANG-G222-SUB-OTHERS,GANG-G224-SUB-OTHERS,,,,,
999850,1,GANG-G224-SUB-8,,,,,,
998457,1,GANG-G784-SUB-OTHERS,,,,,,
995868,1,GANG-G224-SUB-OTHERS,,,,,,
994945,1,GANG-G222-SUB-2,,,,,,
99344,1,GANG-G222-SUB-OTHERS,,,,,,
99338,1,GANG-G772-SUB-3,,,,,,
991811,1,GANG-G224-SUB-OTHERS,,,,,,
991742,1,GANG-G224-SUB-6,,,,,,
991472,1,GANG-G222-SUB-OTHERS,,,,,,
990456,1,GANG-G224-SUB-OTHERS,,,,,,
990451,1,GANG-G784-SUB-OTHERS,,,,,,
986243,1,GANG-G772-SUB-2,,,,,,
984711,1,GANG-G532-SUB-2,,,,,,
984635,1,GANG-G222-SUB-OTHERS,,,,,,
984338,1,GANG-G222-SUB-OTHERS,,,,,,
983419,1,GANG-G110,,,,,,
982764,1,GANG-G222-SUB-OTHERS,,,,,,
982023,1,GANG-G222-SUB-5,,,,,,
979785,1,GANG-G374,,,,,,
979560,1,GANG-G224-SUB-5,,,,,,
978030,1,GANG-G532-SUB-OTHERS,,,,,,
976425,1,GANG-G224-SUB-5,,,,,,
976372,1,GANG-G532-SUB-OTHERS,,,,,,
974770,1,GANG-G222-SUB-OTHERS,,,,,,
974188,1,GANG-G224-SUB-4,,,,,,
972842,1,GANG-G222-SUB-OTHERS,,,,,,
972044,1,GANG-G224-SUB-OTHERS,,,,,,
970384,1,GANG-G224-SUB-OTHERS,,,,,,
968463,1,GANG-G532-SUB-OTHERS,,,,,,
96641,1,GANG-G123,,,,,,
964245,1,GANG-G224-SUB-OTHERS,,,,,,
962951,1,GANG-G532-SUB-2,,,,,,
962273,1,GANG-G057,,,,,,
960210,1,GANG-G222-SUB-OTHERS,,,,,,
959817,1,GANG-G222-SUB-OTHERS,,,,,,
958851,1,GANG-G224-SUB-OTHERS,,,,,,
957098,1,GANG-G222-SUB-OTHERS,,,,,,
956703,1,GANG-G222-SUB-13,,,,,,
956428,1,GANG-G224-SUB-OTHERS,,,,,,
956312,1,GANG-G228-SUB-OTHERS,,,,,,
9547,1,GANG-G057,,,,,,
954411,1,GANG-G224-SUB-OTHERS,,,,,,
954400,1,GANG-G222-SUB-OTHERS,,,,,,
953731,1,GANG-G532-SUB-OTHERS,,,,,,
953713,1,GANG-G532-SUB-OTHERS,,,,,,
953096,1,GANG-G484,,,,,,
952933,1,GANG-G532-SUB-5,,,,,,
952820,1,GANG-G532-SUB-OTHERS,,,,,,
951551,1,GANG-G222-SUB-OTHERS,,,,,,
951488,1,GANG-G772-SUB-2,,,,,,
951349,1,GANG-G057,,,,,,
951076,1,GANG-G228-SUB-OTHERS,,,,,,
949805,1,GANG-G123,,,,,,
948532,1,GANG-G228-SUB-1,,,,,,
945859,1,GANG-G224-SUB-1,,,,,,
943435,1,GANG-G450-SUB-OTHERS,,,,,,
942985,1,GANG-G224-SUB-OTHERS,,,,,,
941117,1,GANG-G222-SUB-OTHERS,,,,,,
938575,1,GANG-G224-SUB-2,,,,,,
938091,1,GANG-G224-SUB-OTHERS,,,,,,
93792,1,GANG-G772-SUB-OTHERS,,,,,,
936919,1,GANG-G222-SUB-OTHERS,,,,,,
935470,1,GANG-G222-SUB-9,,,,,,
933699,1,GANG-G224-SUB-OTHERS,,,,,,
93174,1,GANG-G772-SUB-OTHERS,,,,,,
930926,1,GANG-G222-SUB-15,,,,,,
928930,1,GANG-G222-SUB-OTHERS,,,,,,
926033,1,GANG-G222-SUB-OTHERS,,,,,,
924644,1,GANG-G222-SUB-OTHERS,,,,,,
924593,1,GANG-G224-SUB-OTHERS,,,,,,
924185,1,GANG-G532-SUB-OTHERS,,,,,,
923869,1,GANG-G532-SUB-7,,,,,,
92308,1,GANG-G532-SUB-OTHERS,,,,,,
920861,1,GANG-G450-SUB-OTHERS,,,,,,
92000,1,GANG-G532-SUB-8,,,,,,
919228,1,GANG-G222-SUB-OTHERS,,,,,,
916670,1,GANG-G222-SUB-OTHERS,,,,,,
915258,1,GANG-G222-SUB-OTHERS,,,,,,
914880,1,GANG-G224-SUB-7,,,,,,
914704,1,GANG-G222-SUB-OTHERS,,,,,,
912796,1,GANG-G224-SUB-OTHERS,,,,,,
912217,1,GANG-G222-SUB-13,,,,,,
911420,1,GANG-G532-SUB-OTHERS,,,,,,
909690,1,GANG-G222-SUB-OTHERS,,,,,,
909560,1,GANG-G224-SUB-OTHERS,,,,,,
908544,1,GANG-G222-SUB-OTHERS,,,,,,
908411,1,GANG-G222-SUB-OTHERS,,,,,,
907716,1,GANG-G222-SUB-6,,,,,,
905934,1,GANG-G224-SUB-12,,,,,,
904977,1,GANG-G224-SUB-OTHERS,,,,,,
904378,1,GANG-G224-SUB-6,,,,,,
903329,1,GANG-G224-SUB-OTHERS,,,,,,
901379,1,GANG-G222-SUB-OTHERS,,,,,,
90099,1,GANG-G228-SUB-OTHERS,,,,,,
900851,1,GANG-G224-SUB-3,,,,,,
899840,1,GANG-G222-SUB-OTHERS,,,,,,
899266,1,GANG-G222-SUB-10,,,,,,
89798,1,GANG-G224-SUB-2,,,,,,
897343,1,GANG-G224-SUB-4,,,,,,
897042,1,GANG-G374,,,,,,
895233,1,GANG-G228-SUB-1,,,,,,
895205,1,GANG-G224-SUB-OTHERS,,,,,,
89494,1,GANG-G222-SUB-OTHERS,,,,,,
894893,1,GANG-G224-SUB-10,,,,,,
893158,1,GANG-G222-SUB-OTHERS,,,,,,
89313,1,GANG-G224-SUB-OTHERS,,,,,,
89312,1,GANG-G224-SUB-OTHERS,,,,,,
892204,1,GANG-G222-SUB-2,,,,,,
890613,1,GANG-G222-SUB-OTHERS,,,,,,
890482,1,GANG-G222-SUB-10,,,,,,
887674,1,GANG-G222-SUB-13,,,,,,
887507,1,GANG-G224-SUB-OTHERS,,,,,,
887363,1,GANG-G222-SUB-OTHERS,,,,,,
884481,1,GANG-G057,,,,,,
882130,1,GANG-G784-SUB-OTHERS,,,,,,
880668,1,GANG-G222-SUB-4,,,,,,
879264,1,GANG-G772-SUB-1,,,,,,
877759,1,GANG-G224-SUB-OTHERS,,,,,,
877666,1,GANG-G224-SUB-OTHERS,,,,,,
875828,1,GANG-G532-SUB-2,,,,,,
875203,1,GANG-G532-SUB-2,,,,,,
875013,1,GANG-G224-SUB-11,,,,,,
874938,1,GANG-G224-SUB-2,,,,,,
874024,1,GANG-G224-SUB-OTHERS,,,,,,
871963,1,GANG-G772-SUB-2,,,,,,
870648,1,GANG-G222-SUB-OTHERS,,,,,,
867564,1,GANG-G222-SUB-OTHERS,,,,,,
867039,1,GANG-G222-SUB-OTHERS,,,,,,
866500,1,GANG-G484,,,,,,
866365,1,GANG-G057,,,,,,
865716,1,GANG-G450-SUB-3,,,,,,
864167,1,GANG-G110,,,,,,
862311,1,GANG-G222-SUB-OTHERS,,,,,,
861897,1,GANG-G784-SUB-3,,,,,,
85883,1,GANG-G222-SUB-4,,,,,,
858160,1,GANG-G222-SUB-5,,,,,,
85395,1,GANG-G224-SUB-OTHERS,,,,,,
853095,1,GANG-G222-SUB-OTHERS,,,,,,
853061,1,GANG-G425,,,,,,
852813,1,GANG-G123,,,,,,
852687,1,GANG-G222-SUB-OTHERS,,,,,,
852181,1,GANG-G224-SUB-OTHERS,,,,,,
848030,1,GANG-G532-SUB-5,,,,,,
847312,1,GANG-G222-SUB-OTHERS,,,,,,
846861,1,GANG-G224-SUB-OTHERS,,,,,,
841572,1,GANG-G123,,,,,,
841284,1,GANG-G532-SUB-3,,,,,,
839589,1,GANG-G222-SUB-OTHERS,,,,,,
839076,1,GANG-G222-SUB-OTHERS,,,,,,
838840,1,GANG-G450-SUB-3,,,,,,
836104,1,GANG-G374,,,,,,
835908,1,GANG-G222-SUB-10,,,,,,
834583,1,GANG-G224-SUB-4,,,,,,
833846,1,GANG-G222-SUB-OTHERS,,,,,,
833734,1,GANG-G224-SUB-OTHERS,,,,,,
833135,1,GANG-G532-SUB-OTHERS,,,,,,
832226,1,GANG-G222-SUB-5,,,,,,
832158,1,GANG-G579-SUB-OTHERS,,,,,,
831945,1,GANG-G532-SUB-1,,,,,,
831376,1,GANG-G222-SUB-OTHERS,,,,,,
830598,1,GANG-G057,,,,,,
82771,1,GANG-G222-SUB-OTHERS,,,,,,
826418,1,GANG-G222-SUB-OTHERS,,,,,,
825037,1,GANG-G224-SUB-OTHERS,,,,,,
824927,1,GANG-G224-SUB-OTHERS,,,,,,
824049,1,GANG-G450-SUB-OTHERS,,,,,,
821958,1,GANG-G222-SUB-OTHERS,,,,,,
821884,1,GANG-G222-SUB-OTHERS,,,,,,
818576,1,GANG-G450-SUB-2,,,,,,
818043,1,GANG-G224-SUB-4,,,,,,
815762,1,GANG-G224-SUB-2,,,,,,
815461,1,GANG-G222-SUB-OTHERS,,,,,,
814592,1,GANG-G222-SUB-13,,,,,,
813747,1,GANG-G222-SUB-OTHERS,,,,,,
812432,1,GANG-G222-SUB-OTHERS,,,,,,
811705,1,GANG-G224-SUB-OTHERS,,,,,,
811303,1,GANG-G224-SUB-OTHERS,,,,,,
810519,1,GANG-G222-SUB-OTHERS,,,,,,
809145,1,GANG-G222-SUB-OTHERS,,,,,,
808600,1,GANG-G579-SUB-OTHERS,,,,,,
806379,1,GANG-G224-SUB-OTHERS,,,,,,
805894,1,GANG-G224-SUB-3,,,,,,
804654,1,GANG-G224-SUB-OTHERS,,,,,,
803869,1,GANG-G532-SUB-2,,,,,,
801773,1,GANG-G450-SUB-OTHERS,,,,,,
80090,1,GANG-G224-SUB-5,,,,,,
800693,1,GANG-G224-SUB-1,,,,,,
80047,1,GANG-G222-SUB-OTHERS,,,,,,
800440,1,GANG-G579-SUB-OTHERS,,,,,,
800421,1,GANG-G224-SUB-OTHERS,,,,,,
798696,1,GANG-G224-SUB-OTHERS,,,,,,
798246,1,GANG-G222-SUB-15,,,,,,
797747,1,GANG-G222-SUB-OTHERS,,,,,,
795972,1,GANG-G222-SUB-OTHERS,,,,,,
793527,1,GANG-G784-SUB-1,,,,,,
793106,1,GANG-G784-SUB-3,,,,,,
792890,1,GANG-G784-SUB-OTHERS,,,,,,
792761,1,GANG-G224-SUB-7,,,,,,
792711,1,GANG-G532-SUB-OTHERS,,,,,,
792602,1,GANG-G532-SUB-3,,,,,,
792258,1,GANG-G224-SUB-OTHERS,,,,,,
791708,1,GANG-G772-SUB-2,,,,,,
790796,1,GANG-G222-SUB-OTHERS,,,,,,
79012,1,GANG-G228-SUB-OTHERS,,,,,,
789918,1,GANG-G222-SUB-OTHERS,,,,,,
789368,1,GANG-G222-SUB-OTHERS,,,,,,
788994,1,GANG-G224-SUB-OTHERS,,,,,,
788657,1,GANG-G224-SUB-OTHERS,,,,,,
788573,1,GANG-G224-SUB-1,,,,,,
788462,1,GANG-G532-SUB-OTHERS,,,,,,
788427,1,GANG-G532-SUB-3,,,,,,
787654,1,GANG-G222-SUB-2,,,,,,
784875,1,GANG-G222-SUB-OTHERS,,,,,,
784615,1,GANG-G532-SUB-4,,,,,,
784527,1,GANG-G532-SUB-OTHERS,,,,,,
784355,1,GANG-G772-SUB-1,,,,,,
784341,1,GANG-G057,,,,,,
782917,1,GANG-G222-SUB-OTHERS,,,,,,
782745,1,GANG-G123,,,,,,
78176,1,GANG-G228-SUB-OTHERS,,,,,,
781624,1,GANG-G222-SUB-OTHERS,,,,,,
78151,1,GANG-G772-SUB-OTHERS,,,,,,
7811,1,GANG-G450-SUB-OTHERS,,,,,,
775723,1,GANG-G224-SUB-1,,,,,,
774585,1,GANG-G222-SUB-OTHERS,,,,,,
774312,1,GANG-G532-SUB-4,,,,,,
771058,1,GANG-G222-SUB-OTHERS,,,,,,
770647,1,GANG-G772-SUB-3,,,,,,
770347,1,GANG-G532-SUB-8,,,,,,
769723,1,GANG-G222-SUB-OTHERS,,,,,,
769597,1,GANG-G222-SUB-4,,,,,,
768501,1,GANG-G532-SUB-OTHERS,,,,,,
767648,1,GANG-G222-SUB-OTHERS,,,,,,
767562,1,GANG-G222-SUB-OTHERS,,,,,,
767264,1,GANG-G224-SUB-OTHERS,,,,,,
767262,1,GANG-G532-SUB-5,,,,,,
765646,1,GANG-G224-SUB-5,,,,,,
764896,1,GANG-G224-SUB-8,,,,,,
764800,1,GANG-G224-SUB-11,,,,,,
764661,1,GANG-G772-SUB-3,,,,,,
764544,1,GANG-G224-SUB-OTHERS,,,,,,
76278,1,GANG-G224-SUB-OTHERS,,,,,,
759037,1,GANG-G222-SUB-1,,,,,,
757796,1,GANG-G532-SUB-2,,,,,,
757221,1,GANG-G224-SUB-1,,,,,,
756021,1,GANG-G532-SUB-5,,,,,,
755924,1,GANG-G222-SUB-OTHERS,,,,,,
755457,1,GANG-G222-SUB-OTHERS,,,,,,
751637,1,GANG-G110,,,,,,
74744,1,GANG-G224-SUB-14,,,,,,
747155,1,GANG-G532-SUB-4,,,,,,
744264,1,GANG-G222-SUB-OTHERS,,,,,,
743807,1,GANG-G222-SUB-6,,,,,,
743777,1,GANG-G532-SUB-6,,,,,,
74340,1,GANG-G222-SUB-3,,,,,,
742579,1,GANG-G222-SUB-OTHERS,,,,,,
741921,1,GANG-G222-SUB-OTHERS,,,,,,
741387,1,GANG-G222-SUB-OTHERS,,,,,,
740596,1,GANG-G224-SUB-OTHERS,,,,,,
738386,1,GANG-G224-SUB-OTHERS,,,,,,
737318,1,GANG-G222-SUB-OTHERS,,,,,,
7370,1,GANG-G224-SUB-OTHERS,,,,,,
735169,1,GANG-G224-SUB-OTHERS,,,,,,
733937,1,GANG-G222-SUB-4,,,,,,
733584,1,GANG-G110,,,,,,
73335,1,GANG-G224-SUB-OTHERS,,,,,,
733297,1,GANG-G224-SUB-11,,,,,,
732348,1,GANG-G222-SUB-OTHERS,,,,,,
731319,1,GANG-G222-SUB-5,,,,,,
730824,1,GANG-G224-SUB-OTHERS,,,,,,
730785,1,GANG-G532-SUB-4,,,,,,
72994,1,GANG-G222-SUB-OTHERS,,,,,,
728364,1,GANG-G224-SUB-OTHERS,,,,,,
728191,1,GANG-G222-SUB-OTHERS,,,,,,
728023,1,GANG-G579-SUB-OTHERS,,,,,,
727987,1,GANG-G123,,,,,,
72771,1,GANG-G222-SUB-OTHERS,,,,,,
727086,1,GANG-G222-SUB-OTHERS,,,,,,
725478,1,GANG-G224-SUB-OTHERS,,,,,,
725203,1,GANG-G110,,,,,,
723707,1,GANG-G532-SUB-OTHERS,,,,,,
723595,1,GANG-G224-SUB-OTHERS,,,,,,
722080,1,GANG-G224-SUB-OTHERS,,,,,,
721491,1,GANG-G222-SUB-2,,,,,,
721004,1,GANG-G784-SUB-2,,,,,,
720631,1,GANG-G532-SUB-OTHERS,,,,,,
719993,1,GANG-G222-SUB-1,,,,,,
719673,1,GANG-G224-SUB-OTHERS,,,,,,
719314,1,GANG-G222-SUB-OTHERS,,,,,,
718752,1,GANG-G222-SUB-OTHERS,,,,,,
714621,1,GANG-G579-SUB-OTHERS,,,,,,
712729,1,GANG-G123,,,,,,
712413,1,GANG-G228-SUB-1,,,,,,
710859,1,GANG-G222-SUB-OTHERS,,,,,,
709850,1,GANG-G222-SUB-OTHERS,,,,,,
708487,1,GANG-G532-SUB-2,,,,,,
707700,1,GANG-G224-SUB-3,,,,,,
707249,1,GANG-G224-SUB-4,,,,,,
707106,1,GANG-G222-SUB-OTHERS,,,,,,
706804,1,GANG-G784-SUB-2,,,,,,
706660,1,GANG-G228-SUB-OTHERS,,,,,,
70499,1,GANG-G222-SUB-OTHERS,,,,,,
704320,1,GANG-G222-SUB-OTHERS,,,,,,
703927,1,GANG-G532-SUB-OTHERS,,,,,,
70369,1,GANG-G224-SUB-OTHERS,,,,,,
702181,1,GANG-G224-SUB-OTHERS,,,,,,
70161,1,GANG-G222-SUB-OTHERS,,,,,,
700253,1,GANG-G222-SUB-OTHERS,,,,,,
699202,1,GANG-G772-SUB-OTHERS,,,,,,
69861,1,GANG-G784-SUB-OTHERS,,,,,,
697722,1,GANG-G224-SUB-OTHERS,,,,,,
697615,1,GANG-G222-SUB-OTHERS,,,,,,
692644,1,GANG-G222-SUB-OTHERS,,,,,,
691531,1,GANG-G532-SUB-OTHERS,,,,,,
689643,1,GANG-G222-SUB-6,,,,,,
689352,1,GANG-G532-SUB-OTHERS,,,,,,
688529,1,GANG-G224-SUB-2,,,,,,
684865,1,GANG-G224-SUB-3,,,,,,
684815,1,GANG-G222-SUB-OTHERS,,,,,,
684335,1,GANG-G224-SUB-14,,,,,,
683302,1,GANG-G222-SUB-OTHERS,,,,,,
682610,1,GANG-G772-SUB-3,,,,,,
682421,1,GANG-G222-SUB-OTHERS,,,,,,
68192,1,GANG-G224-SUB-OTHERS,,,,,,
680691,1,GANG-G224-SUB-OTHERS,,,,,,
680093,1,GANG-G532-SUB-3,,,,,,
678384,1,GANG-G224-SUB-5,,,,,,
676374,1,GANG-G222-SUB-3,,,,,,
676312,1,GANG-G772-SUB-1,,,,,,
675960,1,GANG-G532-SUB-3,,,,,,
675859,1,GANG-G374,,,,,,
673003,1,GANG-G532-SUB-OTHERS,,,,,,
667680,1,GANG-G222-SUB-OTHERS,,,,,,
667193,1,GANG-G224-SUB-OTHERS,,,,,,
66505,1,GANG-G224-SUB-OTHERS,,,,,,
664654,1,GANG-G222-SUB-2,,,,,,
663059,1,GANG-G224-SUB-OTHERS,,,,,,
662881,1,GANG-G222-SUB-14,,,,,,
662068,1,GANG-G772-SUB-3,,,,,,
660086,1,GANG-G222-SUB-OTHERS,,,,,,
660044,1,GANG-G222-SUB-OTHERS,,,,,,
658656,1,GANG-G224-SUB-OTHERS,,,,,,
657526,1,GANG-G224-SUB-OTHERS,,,,,,
657334,1,GANG-G222-SUB-OTHERS,,,,,,
656335,1,GANG-G224-SUB-OTHERS,,,,,,
652474,1,GANG-G224-SUB-5,,,,,,
652415,1,GANG-G224-SUB-OTHERS,,,,,,
652354,1,GANG-G532-SUB-OTHERS,,,,,,
651198,1,GANG-G222-SUB-OTHERS,,,,,,
650629,1,GANG-G224-SUB-10,,,,,,
649853,1,GANG-G222-SUB-OTHERS,,,,,,
648982,1,GANG-G222-SUB-OTHERS,,,,,,
648742,1,GANG-G222-SUB-OTHERS,,,,,,
647792,1,GANG-G532-SUB-4,,,,,,
646647,1,GANG-G224-SUB-OTHERS,,,,,,
646084,1,GANG-G224-SUB-OTHERS,,,,,,
645691,1,GANG-G224-SUB-OTHERS,,,,,,
644222,1,GANG-G450-SUB-OTHERS,,,,,,
644113,1,GANG-G784-SUB-5,,,,,,
643494,1,GANG-G224-SUB-OTHERS,,,,,,
643184,1,GANG-G224-SUB-12,,,,,,
642483,1,GANG-G224-SUB-3,,,,,,
641889,1,GANG-G224-SUB-OTHERS,,,,,,
641395,1,GANG-G772-SUB-OTHERS,,,,,,
639094,1,GANG-G222-SUB-OTHERS,,,,,,
638586,1,GANG-G772-SUB-OTHERS,,,,,,
636234,1,GANG-G222-SUB-OTHERS,,,,,,
636233,1,GANG-G222-SUB-7,,,,,,
636011,1,GANG-G222-SUB-OTHERS,,,,,,
633839,1,GANG-G222-SUB-1,,,,,,
632004,1,GANG-G532-SUB-OTHERS,,,,,,
631029,1,GANG-G224-SUB-OTHERS,,,,,,
63076,1,GANG-G222-SUB-OTHERS,,,,,,
630686,1,GANG-G224-SUB-8,,,,,,
629708,1,GANG-G123,,,,,,
624988,1,GANG-G222-SUB-OTHERS,,,,,,
622741,1,GANG-G222-SUB-OTHERS,,,,,,
622413,1,GANG-G222-SUB-OTHERS,,,,,,
622366,1,GANG-G532-SUB-2,,,,,,
622156,1,GANG-G532-SUB-7,,,,,,
621117,1,GANG-G224-SUB-OTHERS,,,,,,
620629,1,GANG-G224-SUB-OTHERS,,,,,,
618289,1,GANG-G532-SUB-7,,,,,,
618152,1,GANG-G222-SUB-OTHERS,,,,,,
617919,1,GANG-G784-SUB-3,,,,,,
617873,1,GANG-G224-SUB-OTHERS,,,,,,
617715,1,GANG-G224-SUB-4,,,,,,
615704,1,GANG-G222-SUB-7,,,,,,
613391,1,GANG-G224-SUB-OTHERS,,,,,,
61334,1,GANG-G224-SUB-4,,,,,,
613225,1,GANG-G425,,,,,,
611762,1,GANG-G532-SUB-2,,,,,,
609908,1,GANG-G222-SUB-OTHERS,,,,,,
609519,1,GANG-G110,,,,,,
608596,1,GANG-G222-SUB-OTHERS,,,,,,
608522,1,GANG-G224-SUB-1,,,,,,
60789,1,GANG-G224-SUB-OTHERS,,,,,,
606823,1,GANG-G222-SUB-OTHERS,,,,,,
606755,1,GANG-G222-SUB-OTHERS,,,,,,
605322,1,GANG-G222-SUB-OTHERS,,,,,,
60459,1,GANG-G224-SUB-OTHERS,,,,,,
601380,1,GANG-G532-SUB-2,,,,,,
60122,1,GANG-G224-SUB-OTHERS,,,,,,
600282,1,GANG-G224-SUB-4,,,,,,
597981,1,GANG-G222-SUB-OTHERS,,,,,,
597233,1,GANG-G222-SUB-1,,,,,,
595566,1,GANG-G222-SUB-OTHERS,,,,,,
595146,1,GANG-G222-SUB-6,,,,,,
594886,1,GANG-G450-SUB-3,,,,,,
594372,1,GANG-G222-SUB-14,,,,,,
593022,1,GANG-G224-SUB-11,,,,,,
59236,1,GANG-G224-SUB-OTHERS,,,,,,
591229,1,GANG-G224-SUB-OTHERS,,,,,,
590271,1,GANG-G224-SUB-OTHERS,,,,,,
589841,1,GANG-G224-SUB-OTHERS,,,,,,
588698,1,GANG-G224-SUB-OTHERS,,,,,,
587001,1,GANG-G532-SUB-2,,,,,,
582283,1,GANG-G222-SUB-OTHERS,,,,,,
582072,1,GANG-G784-SUB-1,,,,,,
581701,1,GANG-G224-SUB-OTHERS,,,,,,
579343,1,GANG-G532-SUB-OTHERS,,,,,,
57501,1,GANG-G532-SUB-6,,,,,,
574594,1,GANG-G772-SUB-OTHERS,,,,,,
573877,1,GANG-G425,,,,,,
573846,1,GANG-G374,,,,,,
571678,1,GANG-G222-SUB-OTHERS,,,,,,
571297,1,GANG-G224-SUB-12,,,,,,
569870,1,GANG-G450-SUB-OTHERS,,,,,,
569008,1,GANG-G222-SUB-OTHERS,,,,,,
567598,1,GANG-G450-SUB-OTHERS,,,,,,
564216,1,GANG-G772-SUB-1,,,,,,
562696,1,GANG-G222-SUB-15,,,,,,
56189,1,GANG-G532-SUB-OTHERS,,,,,,
560894,1,GANG-G224-SUB-10,,,,,,
560046,1,GANG-G224-SUB-OTHERS,,,,,,
559608,1,GANG-G222-SUB-OTHERS,,,,,,
55637,1,GANG-G222-SUB-OTHERS,,,,,,
555531,1,GANG-G222-SUB-OTHERS,,,,,,
554753,1,GANG-G532-SUB-8,,,,,,
551791,1,GANG-G532-SUB-OTHERS,,,,,,
551298,1,GANG-G222-SUB-OTHERS,,,,,,
548506,1,GANG-G222-SUB-4,,,,,,
547491,1,GANG-G532-SUB-OTHERS,,,,,,
547450,1,GANG-G222-SUB-13,,,,,,
545737,1,GANG-G228-SUB-OTHERS,,,,,,
54555,1,GANG-G222-SUB-OTHERS,,,,,,
544003,1,GANG-G222-SUB-OTHERS,,,,,,
542445,1,GANG-G224-SUB-14,,,,,,
541465,1,GANG-G123,,,,,,
541344,1,GANG-G532-SUB-2,,,,,,
541072,1,GANG-G222-SUB-OTHERS,,,,,,
540160,1,GANG-G224-SUB-OTHERS,,,,,,
53743,1,GANG-G579-SUB-OTHERS,,,,,,
537080,1,GANG-G224-SUB-1,,,,,,
535766,1,GANG-G224-SUB-OTHERS,,,,,,
535300,1,GANG-G532-SUB-3,,,,,,
534440,1,GANG-G784-SUB-OTHERS,,,,,,
533455,1,GANG-G222-SUB-OTHERS,,,,,,
532196,1,GANG-G532-SUB-3,,,,,,
531250,1,GANG-G222-SUB-OTHERS,,,,,,
529722,1,GANG-G222-SUB-14,,,,,,
529396,1,GANG-G224-SUB-7,,,,,,
528805,1,GANG-G224-SUB-8,,,,,,
527872,1,GANG-G222-SUB-OTHERS,,,,,,
527192,1,GANG-G222-SUB-OTHERS,,,,,,
52663,1,GANG-G224-SUB-1,,,,,,
526393,1,GANG-G224-SUB-OTHERS,,,,,,
526124,1,GANG-G772-SUB-OTHERS,,,,,,
524878,1,GANG-G228-SUB-OTHERS,,,,,,
524623,1,GANG-G222-SUB-6,,,,,,
524068,1,GANG-G224-SUB-OTHERS,,,,,,
5240,1,GANG-G224-SUB-11,,,,,,
522252,1,GANG-G224-SUB-OTHERS,,,,,,
522184,1,GANG-G532-SUB-2,,,,,,
521145,1,GANG-G532-SUB-6,,,,,,
519842,1,GANG-G222-SUB-OTHERS,,,,,,
518970,1,GANG-G222-SUB-OTHERS,,,,,,
518802,1,GANG-G224-SUB-OTHERS,,,,,,
517681,1,GANG-G224-SUB-4,,,,,,
517363,1,GANG-G222-SUB-OTHERS,,,,,,
516334,1,GANG-G224-SUB-OTHERS,,,,,,
515998,1,GANG-G532-SUB-OTHERS,,,,,,
515047,1,GANG-G222-SUB-1,,,,,,
514880,1,GANG-G224-SUB-OTHERS,,,,,,
513017,1,GANG-G532-SUB-OTHERS,,,,,,
512857,1,GANG-G224-SUB-OTHERS,,,,,,
51223,1,GANG-G224-SUB-5,,,,,,
512060,1,GANG-G222-SUB-OTHERS,,,,,,
511827,1,GANG-G222-SUB-OTHERS,,,,,,
511438,1,GANG-G224-SUB-OTHERS,,,,,,
511409,1,GANG-G222-SUB-OTHERS,,,,,,
510896,1,GANG-G772-SUB-3,,,,,,
510465,1,GANG-G224-SUB-OTHERS,,,,,,
510192,1,GANG-G222-SUB-4,,,,,,
507452,1,GANG-G057,,,,,,
505825,1,GANG-G224-SUB-OTHERS,,,,,,
505776,1,GANG-G532-SUB-OTHERS,,,,,,
505602,1,GANG-G224-SUB-OTHERS,,,,,,
504547,1,GANG-G057,,,,,,
504336,1,GANG-G532-SUB-OTHERS,,,,,,
504114,1,GANG-G222-SUB-OTHERS,,,,,,
504069,1,GANG-G532-SUB-OTHERS,,,,,,
503242,1,GANG-G224-SUB-OTHERS,,,,,,
500863,1,GANG-G532-SUB-4,,,,,,
500188,1,GANG-G484,,,,,,
499915,1,GANG-G784-SUB-5,,,,,,
499751,1,GANG-G222-SUB-OTHERS,,,,,,
499406,1,GANG-G222-SUB-OTHERS,,,,,,
499065,1,GANG-G222-SUB-OTHERS,,,,,,
498715,1,GANG-G222-SUB-OTHERS,,,,,,
496595,1,GANG-G532-SUB-OTHERS,,,,,,
496051,1,GANG-G224-SUB-OTHERS,,,,,,
495597,1,GANG-G222-SUB-9,,,,,,
493627,1,GANG-G222-SUB-4,,,,,,
492360,1,GANG-G222-SUB-2,,,,,,
492119,1,GANG-G224-SUB-5,,,,,,
491769,1,GANG-G222-SUB-14,,,,,,
490188,1,GANG-G222-SUB-OTHERS,,,,,,
488139,1,GANG-G532-SUB-OTHERS,,,,,,
488106,1,GANG-G532-SUB-3,,,,,,
485825,1,GANG-G532-SUB-OTHERS,,,,,,
48575,1,GANG-G222-SUB-OTHERS,,,,,,
48550,1,GANG-G532-SUB-5,,,,,,
485299,1,GANG-G224-SUB-2,,,,,,
484064,1,GANG-G532-SUB-5,,,,,,
483420,1,GANG-G222-SUB-OTHERS,,,,,,
481267,1,GANG-G224-SUB-10,,,,,,
480177,1,GANG-G532-SUB-OTHERS,,,,,,
479700,1,GANG-G532-SUB-4,,,,,,
47861,1,GANG-G222-SUB-OTHERS,,,,,,
477674,1,GANG-G224-SUB-5,,,,,,
477468,1,GANG-G123,,,,,,
475213,1,GANG-G532-SUB-OTHERS,,,,,,
47349,1,GANG-G222-SUB-OTHERS,,,,,,
471927,1,GANG-G532-SUB-8,,,,,,
470251,1,GANG-G222-SUB-OTHERS,,,,,,
467837,1,GANG-G532-SUB-6,,,,,,
464360,1,GANG-G772-SUB-OTHERS,,,,,,
464244,1,GANG-G224-SUB-1,,,,,,
463274,1,GANG-G222-SUB-9,,,,,,
461283,1,GANG-G784-SUB-1,,,,,,
461098,1,GANG-G224-SUB-OTHERS,,,,,,
45997,1,GANG-G784-SUB-OTHERS,,,,,,
459524,1,GANG-G222-SUB-OTHERS,,,,,,
456995,1,GANG-G224-SUB-10,,,,,,
455591,1,GANG-G224-SUB-OTHERS,,,,,,
454900,1,GANG-G222-SUB-OTHERS,,,,,,
453560,1,GANG-G222-SUB-OTHERS,,,,,,
450434,1,GANG-G450-SUB-3,,,,,,
448835,1,GANG-G222-SUB-OTHERS,,,,,,
447629,1,GANG-G222-SUB-OTHERS,,,,,,
447001,1,GANG-G224-SUB-OTHERS,,,,,,
443637,1,GANG-G224-SUB-OTHERS,,,,,,
443374,1,GANG-G224-SUB-OTHERS,,,,,,
443000,1,GANG-G532-SUB-OTHERS,,,,,,
442749,1,GANG-G222-SUB-OTHERS,,,,,,
442548,1,GANG-G224-SUB-OTHERS,,,,,,
442078,1,GANG-G784-SUB-5,,,,,,
439943,1,GANG-G222-SUB-OTHERS,,,,,,
439630,1,GANG-G772-SUB-OTHERS,,,,,,
437470,1,GANG-G222-SUB-OTHERS,,,,,,
437225,1,GANG-G123,,,,,,
436647,1,GANG-G222-SUB-1,,,,,,
435484,1,GANG-G224-SUB-OTHERS,,,,,,
435135,1,GANG-G532-SUB-5,,,,,,
435117,1,GANG-G224-SUB-8,,,,,,
434964,1,GANG-G532-SUB-7,,,,,,
434542,1,GANG-G222-SUB-4,,,,,,
432714,1,GANG-G224-SUB-6,,,,,,
431845,1,GANG-G532-SUB-1,,,,,,
431318,1,GANG-G784-SUB-2,,,,,,
431293,1,GANG-G224-SUB-OTHERS,,,,,,
431033,1,GANG-G784-SUB-OTHERS,,,,,,
430999,1,GANG-G224-SUB-OTHERS,,,,,,
430117,1,GANG-G222-SUB-OTHERS,,,,,,
428657,1,GANG-G057,,,,,,
427591,1,GANG-G224-SUB-OTHERS,,,,,,
427569,1,GANG-G224-SUB-10,,,,,,
42347,1,GANG-G930,,,,,,
421603,1,GANG-G224-SUB-OTHERS,,,,,,
415926,1,GANG-G579-SUB-OTHERS,,,,,,
415313,1,GANG-G228-SUB-OTHERS,,,,,,
412807,1,GANG-G224-SUB-12,,,,,,
410463,1,GANG-G532-SUB-1,,,,,,
408697,1,GANG-G224-SUB-14,,,,,,
40682,1,GANG-G532-SUB-OTHERS,,,,,,
406144,1,GANG-G224-SUB-5,,,,,,
405152,1,GANG-G222-SUB-OTHERS,,,,,,
404418,1,GANG-G532-SUB-4,,,,,,
404237,1,GANG-G222-SUB-OTHERS,,,,,,
402752,1,GANG-G123,,,,,,
402356,1,GANG-G224-SUB-4,,,,,,
400341,1,GANG-G224-SUB-OTHERS,,,,,,
399525,1,GANG-G057,,,,,,
399179,1,GANG-G222-SUB-OTHERS,,,,,,
397104,1,GANG-G222-SUB-OTHERS,,,,,,
394420,1,GANG-G222-SUB-OTHERS,,,,,,
393699,1,GANG-G532-SUB-2,,,,,,
392953,1,GANG-G222-SUB-15,,,,,,
392536,1,GANG-G532-SUB-2,,,,,,
390372,1,GANG-G224-SUB-5,,,,,,
389335,1,GANG-G224-SUB-5,,,,,,
388843,1,GANG-G224-SUB-OTHERS,,,,,,
38878,1,GANG-G772-SUB-OTHERS,,,,,,
386806,1,GANG-G784-SUB-1,,,,,,
386045,1,GANG-G224-SUB-OTHERS,,,,,,
384393,1,GANG-G222-SUB-OTHERS,,,,,,
382741,1,GANG-G224-SUB-OTHERS,,,,,,
381499,1,GANG-G222-SUB-OTHERS,,,,,,
379609,1,GANG-G224-SUB-1,,,,,,
379009,1,GANG-G222-SUB-OTHERS,,,,,,
37790,1,GANG-G784-SUB-5,,,,,,
377752,1,GANG-G222-SUB-OTHERS,,,,,,
377084,1,GANG-G057,,,,,,
376032,1,GANG-G222-SUB-OTHERS,,,,,,
373365,1,GANG-G222-SUB-OTHERS,,,,,,
37329,1,GANG-G224-SUB-OTHERS,,,,,,
373280,1,GANG-G532-SUB-6,,,,,,
372446,1,GANG-G123,,,,,,
369436,1,GANG-G224-SUB-1,,,,,,
369116,1,GANG-G222-SUB-OTHERS,,,,,,
368994,1,GANG-G222-SUB-OTHERS,,,,,,
366674,1,GANG-G532-SUB-5,,,,,,
366504,1,GANG-G224-SUB-OTHERS,,,,,,
366107,1,GANG-G222-SUB-OTHERS,,,,,,
364709,1,GANG-G222-SUB-10,,,,,,
364332,1,GANG-G222-SUB-OTHERS,,,,,,
364219,1,GANG-G224-SUB-2,,,,,,
36260,1,GANG-G532-SUB-5,,,,,,
362326,1,GANG-G772-SUB-2,,,,,,
36103,1,GANG-G222-SUB-OTHERS,,,,,,
360534,1,GANG-G532-SUB-8,,,,,,
359795,1,GANG-G224-SUB-OTHERS,,,,,,
358342,1,GANG-G532-SUB-1,,,,,,
356452,1,GANG-G532-SUB-3,,,,,,
355686,1,GANG-G224-SUB-14,,,,,,
354399,1,GANG-G532-SUB-OTHERS,,,,,,
353623,1,GANG-G484,,,,,,
353266,1,GANG-G224-SUB-3,,,,,,
353102,1,GANG-G222-SUB-OTHERS,,,,,,
350300,1,GANG-G224-SUB-OTHERS,,,,,,
348516,1,GANG-G224-SUB-OTHERS,,,,,,
347158,1,GANG-G784-SUB-1,,,,,,
343195,1,GANG-G224-SUB-OTHERS,,,,,,
342039,1,GANG-G224-SUB-OTHERS,,,,,,
341561,1,GANG-G224-SUB-OTHERS,,,,,,
341412,1,GANG-G532-SUB-OTHERS,,,,,,
339913,1,GANG-G224-SUB-OTHERS,,,,,,
339629,1,GANG-G784-SUB-OTHERS,,,,,,
339118,1,GANG-G222-SUB-OTHERS,,,,,,
338460,1,GANG-G224-SUB-OTHERS,,,,,,
338295,1,GANG-G532-SUB-1,,,,,,
336579,1,GANG-G228-SUB-OTHERS,,,,,,
334138,1,GANG-G057,,,,,,
333186,1,GANG-G222-SUB-OTHERS,,,,,,
33072,1,GANG-G484,,,,,,
330176,1,GANG-G222-SUB-OTHERS,,,,,,
330100,1,GANG-G222-SUB-2,,,,,,
329743,1,GANG-G532-SUB-OTHERS,,,,,,
329413,1,GANG-G222-SUB-OTHERS,,,,,,
329364,1,GANG-G224-SUB-OTHERS,,,,,,
329060,1,GANG-G222-SUB-OTHERS,,,,,,
327567,1,GANG-G123,,,,,,
324986,1,GANG-G772-SUB-1,,,,,,
32387,1,GANG-G224-SUB-OTHERS,,,,,,
323599,1,GANG-G222-SUB-OTHERS,,,,,,
323176,1,GANG-G532-SUB-OTHERS,,,,,,
321646,1,GANG-G224-SUB-OTHERS,,,,,,
320877,1,GANG-G784-SUB-OTHERS,,,,,,
3180,1,GANG-G222-SUB-9,,,,,,
317709,1,GANG-G224-SUB-OTHERS,,,,,,
317513,1,GANG-G224-SUB-10,,,,,,
317238,1,GANG-G532-SUB-1,,,,,,
31683,1,GANG-G222-SUB-OTHERS,,,,,,
316369,1,GANG-G224-SUB-2,,,,,,
316081,1,GANG-G224-SUB-1,,,,,,
315744,1,GANG-G222-SUB-OTHERS,,,,,,
314155,1,GANG-G224-SUB-1,,,,,,
313492,1,GANG-G222-SUB-OTHERS,,,,,,
312516,1,GANG-G532-SUB-5,,,,,,
311906,1,GANG-G224-SUB-OTHERS,,,,,,
311343,1,GANG-G222-SUB-9,,,,,,
31044,1,GANG-G484,,,,,,
309039,1,GANG-G224-SUB-OTHERS,,,,,,
308650,1,GANG-G532-SUB-2,,,,,,
307461,1,GANG-G224-SUB-OTHERS,,,,,,
306700,1,GANG-G222-SUB-OTHERS,,,,,,
306636,1,GANG-G579-SUB-OTHERS,,,,,,
305202,1,GANG-G784-SUB-1,,,,,,
3035,1,GANG-G784-SUB-OTHERS,,,,,,
301897,1,GANG-G222-SUB-OTHERS,,,,,,
300109,1,GANG-G224-SUB-OTHERS,,,,,,
299094,1,GANG-G222-SUB-OTHERS,,,,,,
298718,1,GANG-G224-SUB-OTHERS,,,,,,
297700,1,GANG-G224-SUB-OTHERS,,,,,,
296244,1,GANG-G772-SUB-OTHERS,,,,,,
293981,1,GANG-G532-SUB-OTHERS,,,,,,
293601,1,GANG-G057,,,,,,
293335,1,GANG-G222-SUB-OTHERS,,,,,,
293124,1,GANG-G224-SUB-OTHERS,,,,,,
292691,1,GANG-G222-SUB-OTHERS,,,,,,
292097,1,GANG-G784-SUB-OTHERS,,,,,,
289569,1,GANG-G224-SUB-OTHERS,,,,,,
28952,1,GANG-G222-SUB-OTHERS,,,,,,
288742,1,GANG-G222-SUB-OTHERS,,,,,,
286722,1,GANG-G224-SUB-OTHERS,,,,,,
286060,1,GANG-G224-SUB-4,,,,,,
284313,1,GANG-G224-SUB-OTHERS,,,,,,
283646,1,GANG-G450-SUB-OTHERS,,,,,,
283383,1,GANG-G222-SUB-OTHERS,,,,,,
282299,1,GANG-G224-SUB-OTHERS,,,,,,
279629,1,GANG-G579-SUB-OTHERS,,,,,,
277126,1,GANG-G224-SUB-OTHERS,,,,,,
27700,1,GANG-G110,,,,,,
276728,1,GANG-G224-SUB-OTHERS,,,,,,
275783,1,GANG-G579-SUB-OTHERS,,,,,,
275078,1,GANG-G224-SUB-OTHERS,,,,,,
274500,1,GANG-G224-SUB-OTHERS,,,,,,
274204,1,GANG-G224-SUB-OTHERS,,,,,,
273810,1,GANG-G224-SUB-OTHERS,,,,,,
272710,1,GANG-G224-SUB-5,,,,,,
271816,1,GANG-G222-SUB-14,,,,,,
27127,1,GANG-G228-SUB-OTHERS,,,,,,
270892,1,GANG-G222-SUB-OTHERS,,,,,,
269119,1,GANG-G532-SUB-OTHERS,,,,,,
266111,1,GANG-G224-SUB-OTHERS,,,,,,
265677,1,GANG-G532-SUB-3,,,,,,
265402,1,GANG-G532-SUB-OTHERS,,,,,,
261434,1,GANG-G224-SUB-OTHERS,,,,,,
261266,1,GANG-G222-SUB-7,,,,,,
260554,1,GANG-G228-SUB-1,,,,,,
260104,1,GANG-G222-SUB-OTHERS,,,,,,
258991,1,GANG-G222-SUB-OTHERS,,,,,,
258229,1,GANG-G532-SUB-3,,,,,,
258194,1,GANG-G532-SUB-3,,,,,,
25315,1,GANG-G222-SUB-2,,,,,,
248537,1,GANG-G224-SUB-OTHERS,,,,,,
247545,1,GANG-G228-SUB-2,,,,,,
245449,1,GANG-G579-SUB-OTHERS,,,,,,
241854,1,GANG-G222-SUB-OTHERS,,,,,,
239816,1,GANG-G222-SUB-7,,,,,,
238162,1,GANG-G222-SUB-OTHERS,,,,,,
236215,1,GANG-G224-SUB-OTHERS,,,,,,
235528,1,GANG-G110,,,,,,
234237,1,GANG-G579-SUB-OTHERS,,,,,,
233791,1,GANG-G222-SUB-OTHERS,,,,,,
232683,1,GANG-G222-SUB-OTHERS,,,,,,
230850,1,GANG-G930,,,,,,
23081,1,GANG-G532-SUB-3,,,,,,
230528,1,GANG-G224-SUB-OTHERS,,,,,,
22993,1,GANG-G222-SUB-OTHERS,,,,,,
229612,1,GANG-G484,,,,,,
228750,1,GANG-G224-SUB-OTHERS,,,,,,
228711,1,GANG-G228-SUB-1,,,,,,
228114,1,GANG-G228-SUB-OTHERS,,,,,,
22679,1,GANG-G222-SUB-OTHERS,,,,,,
225541,1,GANG-G222-SUB-OTHERS,,,,,,
22471,1,GANG-G772-SUB-1,,,,,,
22417,1,GANG-G224-SUB-OTHERS,,,,,,
224117,1,GANG-G484,,,,,,
223855,1,GANG-G222-SUB-OTHERS,,,,,,
222446,1,GANG-G222-SUB-8,,,,,,
221426,1,GANG-G532-SUB-8,,,,,,
22129,1,GANG-G532-SUB-OTHERS,,,,,,
221223,1,GANG-G450-SUB-3,,,,,,
221154,1,GANG-G228-SUB-OTHERS,,,,,,
220533,1,GANG-G224-SUB-OTHERS,,,,,,
218831,1,GANG-G222-SUB-OTHERS,,,,,,
218388,1,GANG-G579-SUB-OTHERS,,,,,,
21686,1,GANG-G224-SUB-OTHERS,,,,,,
215616,1,GANG-G224-SUB-OTHERS,,,,,,
215454,1,GANG-G532-SUB-2,,,,,,
213734,1,GANG-G228-SUB-OTHERS,,,,,,
212262,1,GANG-G224-SUB-OTHERS,,,,,,
210580,1,GANG-G222-SUB-7,,,,,,
2090,1,GANG-G222-SUB-OTHERS,,,,,,
208452,1,GANG-G224-SUB-1,,,,,,
208386,1,GANG-G222-SUB-OTHERS,,,,,,
20762,1,GANG-G532-SUB-1,,,,,,
207405,1,GANG-G057,,,,,,
207054,1,GANG-G228-SUB-OTHERS,,,,,,
207053,1,GANG-G224-SUB-OTHERS,,,,,,
206916,1,GANG-G222-SUB-7,,,,,,
205819,1,GANG-G772-SUB-2,,,,,,
205100,1,GANG-G222-SUB-OTHERS,,,,,,
204202,1,GANG-G222-SUB-OTHERS,,,,,,
203836,1,GANG-G450-SUB-OTHERS,,,,,,
202263,1,GANG-G450-SUB-OTHERS,,,,,,
201136,1,GANG-G222-SUB-5,,,,,,
198912,1,GANG-G579-SUB-OTHERS,,,,,,
198859,1,GANG-G222-SUB-OTHERS,,,,,,
196964,1,GANG-G224-SUB-4,,,,,,
196458,1,GANG-G222-SUB-OTHERS,,,,,,
196419,1,GANG-G222-SUB-OTHERS,,,,,,
194752,1,GANG-G532-SUB-6,,,,,,
193420,1,GANG-G532-SUB-6,,,,,,
192285,1,GANG-G222-SUB-OTHERS,,,,,,
191820,1,GANG-G224-SUB-OTHERS,,,,,,
189383,1,GANG-G222-SUB-10,,,,,,
189057,1,GANG-G224-SUB-OTHERS,,,,,,
188805,1,GANG-G532-SUB-8,,,,,,
187973,1,GANG-G228-SUB-1,,,,,,
187553,1,GANG-G532-SUB-1,,,,,,
187471,1,GANG-G222-SUB-OTHERS,,,,,,
183858,1,GANG-G222-SUB-2,,,,,,
182003,1,GANG-G224-SUB-OTHERS,,,,,,
17993,1,GANG-G222-SUB-OTHERS,,,,,,
179778,1,GANG-G222-SUB-OTHERS,,,,,,
179549,1,GANG-G224-SUB-OTHERS,,,,,,
177042,1,GANG-G425,,,,,,
175670,1,GANG-G224-SUB-8,,,,,,
17560,1,GANG-G532-SUB-OTHERS,,,,,,
172828,1,GANG-G224-SUB-12,,,,,,
17276,1,GANG-G224-SUB-OTHERS,,,,,,
172564,1,GANG-G532-SUB-5,,,,,,
172006,1,GANG-G222-SUB-OTHERS,,,,,,
169649,1,GANG-G222-SUB-OTHERS,,,,,,
167205,1,GANG-G772-SUB-2,,,,,,
167195,1,GANG-G057,,,,,,
166337,1,GANG-G224-SUB-OTHERS,,,,,,
163842,1,GANG-G224-SUB-6,,,,,,
163738,1,GANG-G222-SUB-OTHERS,,,,,,
163425,1,GANG-G224-SUB-11,,,,,,
161682,1,GANG-G532-SUB-OTHERS,,,,,,
161547,1,GANG-G532-SUB-6,,,,,,
160101,1,GANG-G532-SUB-3,,,,,,
159355,1,GANG-G222-SUB-OTHERS,,,,,,
157833,1,GANG-G222-SUB-OTHERS,,,,,,
153255,1,GANG-G224-SUB-2,,,,,,
151823,1,GANG-G222-SUB-OTHERS,,,,,,
151645,1,GANG-G224-SUB-1,,,,,,
151553,1,GANG-G532-SUB-1,,,,,,
15133,1,GANG-G224-SUB-OTHERS,,,,,,
150376,1,GANG-G224-SUB-OTHERS,,,,,,
149174,1,GANG-G222-SUB-OTHERS,,,,,,
146757,1,GANG-G222-SUB-5,,,,,,
142908,1,GANG-G450-SUB-3,,,,,,
141034,1,GANG-G222-SUB-OTHERS,,,,,,
140798,1,GANG-G222-SUB-OTHERS,,,,,,
140377,1,GANG-G532-SUB-4,,,,,,
139693,1,GANG-G222-SUB-OTHERS,,,,,,
139052,1,GANG-G374,,,,,,
137464,1,GANG-G450-SUB-OTHERS,,,,,,
137414,1,GANG-G532-SUB-3,,,,,,
136196,1,GANG-G772-SUB-3,,,,,,
13489,1,GANG-G222-SUB-OTHERS,,,,,,
133519,1,GANG-G450-SUB-OTHERS,,,,,,
1326,1,GANG-G222-SUB-OTHERS,,,,,,
132293,1,GANG-G224-SUB-OTHERS,,,,,,
131418,1,GANG-G224-SUB-3,,,,,,
130411,1,GANG-G224-SUB-6,,,,,,
129815,1,GANG-G224-SUB-6,,,,,,
129784,1,GANG-G224-SUB-OTHERS,,,,,,
129677,1,GANG-G579-SUB-OTHERS,,,,,,
127986,1,GANG-G784-SUB-3,,,,,,
125772,1,GANG-G057,,,,,,
124584,1,GANG-G222-SUB-OTHERS,,,,,,
124374,1,GANG-G532-SUB-OTHERS,,,,,,
123683,1,GANG-G579-SUB-OTHERS,,,,,,
12259,1,GANG-G450-SUB-OTHERS,,,,,,
121088,1,GANG-G222-SUB-OTHERS,,,,,,
119582,1,GANG-G784-SUB-2,,,,,,
117441,1,GANG-G224-SUB-1,,,,,,
117287,1,GANG-G057,,,,,,
115644,1,GANG-G224-SUB-1,,,,,,
11534,1,GANG-G224-SUB-OTHERS,,,,,,
114475,1,GANG-G222-SUB-15,,,,,,
111464,1,GANG-G222-SUB-OTHERS,,,,,,
111002,1,GANG-G222-SUB-OTHERS,,,,,,
109477,1,GANG-G057,,,,,,
109325,1,GANG-G222-SUB-6,,,,,,
108485,1,GANG-G222-SUB-OTHERS,,,,,,
105196,1,GANG-G222-SUB-OTHERS,,,,,,
104814,1,GANG-G222-SUB-OTHERS,,,,,,
102868,1,GANG-G224-SUB-OTHERS,,,,,,
10120,1,GANG-G222-SUB-OTHERS,,,,,,
10060,1,GANG-G224-SUB-OTHERS,,,,,,
